-- phpMyAdmin SQL Dump
-- version 5.2.1
-- https://www.phpmyadmin.net/
--
-- Host: localhost
-- Generation Time: Aug 16, 2023 at 07:06 PM
-- Server version: 10.6.7-MariaDB-3
-- PHP Version: 8.1.2

SET SQL_MODE = "NO_AUTO_VALUE_ON_ZERO";
START TRANSACTION;
SET time_zone = "+00:00";


/*!40101 SET @OLD_CHARACTER_SET_CLIENT=@@CHARACTER_SET_CLIENT */;
/*!40101 SET @OLD_CHARACTER_SET_RESULTS=@@CHARACTER_SET_RESULTS */;
/*!40101 SET @OLD_COLLATION_CONNECTION=@@COLLATION_CONNECTION */;
/*!40101 SET NAMES utf8mb4 */;

--
-- Database: `userdata`
--

-- --------------------------------------------------------

--
-- Table structure for table `section`
--

CREATE TABLE `section` (
  `id` int(11) UNSIGNED NOT NULL,
  `section_name` varchar(50) COLLATE utf8mb4_unicode_ci NOT NULL
) ENGINE=InnoDB DEFAULT CHARSET=utf8mb4 COLLATE=utf8mb4_unicode_ci;

--
-- Dumping data for table `section`
--

INSERT INTO `section` (`id`, `section_name`) VALUES
(1, 'ุฎุฏูุฉ ุงูุฌูููุฑ'),
(2, 'ุงูุณุฌู ุงูุนูุงุฑู'),
(3, 'ุงูุดุคู ุงููุงููููุฉ'),
(4, 'ุงููุซุงุฆู'),
(5, 'ุงูุงุฑุงุถู'),
(6, 'ุงููุณุงุญุฉ'),
(7, 'ุงูุชุญุตูู'),
(8, 'ุงููุฏูุฑ ุงูุนุงู'),
(9, 'ุงููุณุชุดุงุฑูู'),
(10, 'ููุชุจ ุงููุงุฆุจ'),
(11, 'root');

-- --------------------------------------------------------

--
-- Table structure for table `SRC`
--

CREATE TABLE `SRC` (
  `id` int(11) UNSIGNED NOT NULL,
  `Date_add_doc` datetime DEFAULT NULL,
  `NumberDoc` int(11) NOT NULL,
  `NameDoc` varchar(50) COLLATE utf8mb4_unicode_ci NOT NULL,
  `TypeDoc` varchar(50) COLLATE utf8mb4_unicode_ci DEFAULT NULL
) ENGINE=InnoDB DEFAULT CHARSET=utf8mb4 COLLATE=utf8mb4_unicode_ci;

--
-- Dumping data for table `SRC`
--

INSERT INTO `SRC` (`id`, `Date_add_doc`, `NumberDoc`, `NameDoc`, `TypeDoc`) VALUES
(1, '2023-08-03 02:11:58', 12, 'ูุงุฒู ุงุญูุฏ ูุนูุงู', 'ุชุณุฌูู ุงููู'),
(2, '2023-08-03 02:19:06', 123, '7egdghdjs', 'ููู ููููุฉ'),
(3, '2023-08-03 02:19:14', 3464, 'gyehehw', 'ููู ููููุฉ'),
(4, '2023-08-03 02:19:24', 3, 'yegehsh', 'ููู ููููุฉ'),
(5, '2023-08-03 02:19:53', 34, 'yehehsjj', 'ููู ููููุฉ'),
(6, '2023-08-03 02:20:26', 64, 'fagshsjjd ju', 'ููู ููููุฉ'),
(7, '2023-08-03 02:20:34', 64684, 'gshsjduhdhdj', 'ููู ููููุฉ'),
(8, '2023-08-03 02:20:48', 36, 'fsgusjs', 'ููู ููููุฉ'),
(9, '2023-08-03 02:21:01', 3456, 'gshsjsiosjb', 'ููู ููููุฉ'),
(10, '2023-08-03 02:21:18', 436, 'hshs jo q8s73y3b', 'ููู ููููุฉ'),
(11, '2023-08-03 02:21:36', 649, 'ggsusiwjwheu8eiwjs jah f6 y', 'ููู ููููุฉ'),
(12, '2023-08-03 02:22:26', 49, 'gsyysuwwooooooo', 'ููู ููููุฉ'),
(13, '2023-08-03 02:22:36', 69, 'uyyuuuuuuu', 'ููู ููููุฉ'),
(14, '2023-08-04 18:13:50', 35, 'ูุนููููุงู', 'ููู ููููุฉ'),
(15, '2023-08-04 18:14:02', 8586, 'ูุชูุนุฉุฒูุฉ', 'ููู ููููุฉ'),
(16, '2023-08-04 18:14:16', 586, 'ุบุจ ุบุบุฑุนุฉูจุงุฑูุง', 'ููู ููููุฉ'),
(17, '2023-08-04 18:14:24', 3566, 'ุนูุนู ูจูุฑุบุฑูุงุฑ', 'ููู ููููุฉ'),
(18, '2023-08-04 18:14:31', 56, 'ูุงุคูุงุฑุงูุฑูุงุคูุงุฑ', 'ููู ููููุฉ'),
(19, '2023-08-04 18:14:42', 656, 'ุจุนุจุนุจุบุนูุคุนูุกูุค', 'ููู ููููุฉ'),
(20, '2023-08-04 18:14:49', 668686, 'ุฑุงูุฉุฎุนุคููููุงู', 'ููู ููููุฉ'),
(21, '2023-08-04 18:14:56', 86, 'ุงุซุซ ููุชู', 'ููู ููููุฉ'),
(22, '2023-08-04 18:15:05', 66509, 'ุนูุงูุงุซุชุชุณูุณู', 'ููู ููููุฉ'),
(23, '2023-08-04 18:15:16', 68, 'ุงูุชูุฎุจูุจุชูู', 'ููู ููููุฉ'),
(24, '2023-08-04 18:15:25', 36, 'ููุชุจุฉุจูููููู', 'ููู ููููุฉ'),
(25, '2023-08-04 18:15:47', 56, 'ุงูุนููุชุฎููุงูุงููุบุจู', 'ููู ููููุฉ'),
(26, '2023-08-04 18:15:57', 556, 'ุบูุจููุบููุบุจูุจุง', 'ููู ููููุฉ'),
(27, '2023-08-04 18:17:48', 31, 'ุนูุชูุฉูุชูู', 'ููู ููููุฉ'),
(28, '2023-08-04 18:18:00', 32, 'ุนูุชุจุชุชุจู', 'ููู ููููุฉ'),
(29, '2023-08-04 18:18:06', 34, '', 'ููู ููููุฉ'),
(30, '2023-08-04 18:18:13', 38, 'ููุนุนุช', 'ููู ููููุฉ'),
(31, '2023-08-04 18:18:31', 36, 'ุนูุงุจุฉุฉููู', 'ููู ููููุฉ'),
(32, '2023-08-04 18:18:40', 36488, 'ุนุนูุงุซุชู', 'ููู ููููุฉ'),
(33, '2023-08-04 18:18:50', 3694, 'ุบูุบุชูุชุจุงุจู', 'ููู ููููุฉ'),
(34, '2023-08-04 18:18:58', 36, 'ูุชููููู', 'ููู ููููุฉ'),
(35, '2023-08-04 18:19:07', 34816, 'ูุนุชูุงุงุจุจู', 'ููู ููููุฉ'),
(36, '2023-08-04 18:19:30', 3648, 'ุจุนุจุชูุชุจุช', 'ุชุณุฌูู ุงููู'),
(37, '2023-08-04 18:19:40', 46, 'ุงุณุงูุชููู', 'ููู ููููุฉ'),
(38, '2023-08-04 18:19:47', 69, 'ุงูุชููู', 'ููู ููููุฉ'),
(39, '2023-08-04 18:20:02', 33, '', 'ููู ููููุฉ'),
(40, '2023-08-04 18:20:12', 36, 'ุจุชุชูุชูุจููู', 'ููู ููููุฉ'),
(41, '2023-08-04 18:20:21', 68, 'ุงุคุชุจุชุจููุจุช', 'ููู ููููุฉ'),
(42, '2023-08-04 18:20:39', 365, 'ุงุฑูุชุจูููุจูุจู', 'ููู ููููุฉ'),
(43, '2023-08-04 18:20:47', 318, 'ุนุชุจุชุชุจุฎ', 'ููู ููููุฉ'),
(44, '2023-08-04 18:20:57', 3645, 'ุชุฑุงุคุชูู', 'ููู ููููุฉ'),
(45, '2023-08-04 18:21:17', 3645, 'ุจูุชุจุชุจู', 'ููู ููููุฉ'),
(46, '2023-08-04 18:21:25', 64, 'ููุงุชุคู', 'ููู ููููุฉ'),
(47, '2023-08-04 18:21:33', 736, 'ูุค ุจุช', 'ููู ููููุฉ'),
(48, '2023-08-04 18:29:40', 65, 'ggk', 'ููู ููููุฉ'),
(49, '2023-08-04 18:33:46', 68, 'ุจุงุช', 'ููู ููููุฉ'),
(50, '2023-08-04 18:33:54', 36, 'ู ูุชูุฉุง', 'ููู ููููุฉ'),
(51, '2023-08-04 18:34:01', 63, 'ูุบุน ุงู ุงูู', 'ููู ููููุฉ'),
(52, '2023-08-04 18:34:17', 6538, 'ุนุชุฉุชููู', 'ููู ููููุฉ'),
(53, '2023-08-04 18:34:34', 668, 'ูููููุญุช', 'ููู ููููุฉ'),
(54, '2023-08-04 18:34:41', 68, 'ูุนุงุน ูจ ุฉูง', 'ููู ููููุฉ'),
(55, '2023-08-04 18:34:48', 9868, 'ูฆููฆูจุบุฑุฎุนุฑ', 'ููู ููููุฉ'),
(56, '2023-08-04 18:34:55', 963, 'ู ููููู ููฆูุนุงุชุฎูุฎ', 'ููู ููููุฉ'),
(57, '2023-08-04 18:35:02', 688, 'ูุนููุนูุนูู', 'ููู ููููุฉ'),
(58, '2023-08-04 18:35:29', 868, 'ุฉุฎุงูุฉูุฌุฑ', 'ููู ููููุฉ'),
(59, '2023-08-04 18:35:38', 86, 'ุฑุงุงุคุนู', 'ููู ููููุฉ'),
(60, '2023-08-04 18:35:44', 6865, 'ูููุชุจูุงุจ', 'ููู ููููุฉ'),
(61, '2023-08-04 18:35:54', 564, 'ูุชุจุชูุช', 'ููู ููููุฉ'),
(62, '2023-08-04 18:36:25', 687, 'ุงุคููู', 'ููู ููููุฉ'),
(63, '2023-08-04 18:36:43', 423, 'ุนูุจุงู', 'ููู ููููุฉ'),
(64, '2023-08-04 18:36:59', 756, 'ููุคุจุฎ', 'ููู ููููุฉ'),
(65, '2023-08-04 18:37:18', 6586, 'ูุฑุชุชูุงู', 'ููู ููููุฉ'),
(66, '2023-08-04 18:37:45', 8686086, 'ูุฑุชูุชูุฑ', 'ููู ููููุฉ'),
(67, '2023-08-04 18:38:18', 56555, 'ุฎูููู', 'ููู ููููุฉ'),
(68, '2023-08-04 18:38:33', 5555, 'ุจูููุนู', 'ููู ููููุฉ'),
(69, '2023-08-04 18:38:53', 547857, 'ููููุด', 'ููู ููููุฉ'),
(70, '2023-08-04 18:39:27', 5736, 'ุนูููู', 'ููู ููููุฉ'),
(71, '2023-08-04 18:39:56', 755895, 'ูุจุนุงูู', 'ููู ููููุฉ'),
(72, '2023-08-04 18:40:23', 495746, 'ุบุจุฎุนุจ', 'ููู ููููุฉ'),
(73, '2023-08-04 18:40:44', 522, 'ูุนููุบ', 'ููู ููููุฉ'),
(74, '2023-08-04 18:41:28', 886, 'ุขุงุงููุชู', 'ููู ููููุฉ'),
(75, '2023-08-04 18:41:51', 65756, 'ูููู', 'ููู ููููุฉ'),
(76, '2023-08-04 18:42:24', 5556, 'ููุคูู', 'ููู ููููุฉ'),
(77, '2023-08-04 18:42:49', 753, 'ููุฑูุจ', 'ููู ููููุฉ'),
(78, '2023-08-04 18:43:13', 545, 'ุนูุฑุช', 'ููู ููููุฉ'),
(79, '2023-08-04 18:43:43', 585, 'ููุฑุช', 'ููู ููููุฉ'),
(80, '2023-08-04 18:56:55', 780884782, 'ุงููู', 'ููู ููููุฉ'),
(81, '2023-08-04 18:57:15', 780884782, 'ุงููู', 'ููู ููููุฉ'),
(82, '2023-08-04 18:58:08', 780884782, 'ุงููู', 'ููู ููููุฉ'),
(83, '2023-08-04 18:58:24', 780884782, 'ุงููู', 'ููู ููููุฉ'),
(84, '2023-08-04 18:58:44', 780884782, 'ุงููู', 'ููู ููููุฉ'),
(85, '2023-08-04 18:59:03', 7804782, 'ุงููู', 'ููู ููููุฉ'),
(86, '2023-08-04 18:59:21', 7804782, 'ุงููู', 'ููู ููููุฉ'),
(87, '2023-08-04 18:59:58', 780884782, 'ุงููู', 'ููู ููููุฉ'),
(88, '2023-08-04 19:00:32', 780884782, 'ุงู', 'ููู ููููุฉ'),
(89, '2023-08-04 19:01:22', 780884782, 'ุงููู', 'ููู ููููุฉ'),
(90, '2023-08-04 19:02:48', 780884782, 'ุงููู', 'ููู ููููุฉ'),
(91, '2023-08-04 19:03:43', 780884782, 'ุงููู', 'ููู ููููุฉ'),
(92, '2023-08-04 19:04:01', 7585726, 'ุงุฑุจุนุนูู', 'ููู ููููุฉ'),
(93, '2023-08-04 19:04:23', 8989, 'ูููุง', 'ููู ููููุฉ'),
(94, '2023-08-04 19:04:38', 97545, 'ุงุนุจุนูุน ู ูุช', 'ููู ููููุฉ'),
(95, '2023-08-04 19:04:48', 67585, 'ุงุชุชุนุจุงุจุนู', 'ููู ููููุฉ'),
(96, '2023-08-04 19:05:24', 7888655, 'ูุคุนูุธ', 'ููู ููููุฉ'),
(97, '2023-08-04 19:05:34', 57683, 'ุชุจุชูุชุจ', 'ููู ููููุฉ'),
(98, '2023-08-04 19:05:59', 5789264, 'ุชุฑุชููุช', 'ููู ููููุฉ'),
(99, '2023-08-04 19:05:59', 5789264, 'ุชุฑุชููุช', 'ููู ููููุฉ'),
(100, '2023-08-04 19:06:22', 586465, 'ุชุฑุชุจุชู', 'ููู ููููุฉ'),
(101, '2023-08-04 19:06:48', 6679595, 'ุชุจุฒูุชุงุชุจูู', 'ููู ููููุฉ'),
(102, '2023-08-04 19:07:47', 87556, 'ุบูุชูุช', 'ููู ููููุฉ'),
(103, '2023-08-04 19:08:00', 9855664, 'ุชุจุชุจ ู ุนุฑุจ', 'ููู ููููุฉ'),
(104, '2023-08-04 19:08:13', 791354, 'ุงุณูุคุชู', 'ููู ููููุฉ'),
(105, '2023-08-04 19:08:36', 7556565, 'ูููููู', 'ููู ููููุฉ'),
(106, '2023-08-04 19:08:44', 86565, 'ุจุชููู', 'ููู ููููุฉ'),
(107, '2023-08-04 19:08:53', 59898, 'ููููุงูุง', 'ููู ููููุฉ'),
(108, '2023-08-04 19:09:01', 868653, 'ุงุฑุชุฑุชู', 'ููู ููููุฉ'),
(109, '2023-08-04 19:09:07', 58555, 'ุฑุชูุง', 'ููู ููููุฉ'),
(110, '2023-08-04 19:09:20', 8689898, 'ุบูุชุจุชู', 'ููู ููููุฉ'),
(111, '2023-08-04 19:09:30', 98985, 'ุจุฒูุฒ', 'ููู ููููุฉ'),
(112, '2023-08-04 19:09:36', 3568, 'ุจุนุจุชุจ', 'ููู ููููุฉ'),
(113, '2023-08-04 19:09:45', 86565, 'ุจุชูุชููุบ', 'ููู ููููุฉ'),
(114, '2023-08-04 19:09:59', 565652465, 'ุนูุนูุนููู', 'ููู ููููุฉ'),
(115, '2023-08-04 19:10:31', 2147483647, 'ูุชูุชูุชููููููุนูุบุจ', 'ููู ููููุฉ'),
(116, '2023-08-04 19:10:38', 8585754, 'ูููุบูุงุจ', 'ููู ููููุฉ'),
(117, '2023-08-04 19:10:47', 2147483647, 'ููุฒูููุบุฑุบุจ', 'ููู ููููุฉ'),
(118, '2023-08-04 19:10:53', 655858, 'ุณููุงู', 'ููู ููููุฉ'),
(119, '2023-08-04 19:10:58', 86898, 'ููููุง', 'ููู ููููุฉ'),
(120, '2023-08-04 19:11:04', 5565, 'ูุงุคูุค', 'ููู ููููุฉ'),
(121, '2023-08-04 19:11:12', 65686, 'ูุบุคูู', 'ููู ููููุฉ'),
(122, '2023-08-04 19:11:21', 98689534, 'ูฆ ูุนูุบุค', 'ููู ููููุฉ'),
(123, '2023-08-04 19:11:29', 86895, 'ุชุจุงุจุชุฑ', 'ููู ููููุฉ'),
(124, '2023-08-04 19:11:36', 8689898, 'ูุบุฑุงุจุง', 'ููู ููููุฉ'),
(125, '2023-08-04 19:11:44', 6709090, 'ุคุชุฑุชูุชุฑูุนุจุน', 'ููู ููููุฉ'),
(126, '2023-08-04 19:11:51', 989898, 'ุงุคุงุคูุจ', 'ููู ููููุฉ'),
(127, '2023-08-04 19:11:58', 8686868, 'ุบุคุคุงุจุงู', 'ููู ููููุฉ'),
(128, '2023-08-04 19:12:05', 5655868, 'ุจุบุจุงุจุชุจุน', 'ููู ููููุฉ'),
(129, '2023-08-04 19:12:11', 68986858, 'ูุนุฑุนุฑุงุจุช', 'ููู ููููุฉ'),
(130, '2023-08-04 19:12:18', 576825, 'ูููุงุคุงุฑ', 'ููู ููููุฉ'),
(131, '2023-08-04 19:12:24', 88098, 'ุงูุบูุบ', 'ููู ููููุฉ'),
(132, '2023-08-04 19:12:33', 68655857, 'ุณูุงุคูุจุนุจ', 'ููู ููููุฉ'),
(133, '2023-08-04 19:12:44', 6898656, 'ุนูุนุจุบุจ', 'ููู ููููุฉ'),
(134, '2023-08-04 19:12:49', 57988, 'ุชุฑุงุจุช', 'ููู ููููุฉ'),
(135, '2023-08-04 19:12:53', 675858, 'ุฑุงุฑุชุฑู', 'ููู ููููุฉ'),
(136, '2023-08-04 19:13:01', 5575858, 'ุงุฑูุฉุชู', 'ููู ููููุฉ'),
(137, '2023-08-04 19:13:06', 57686, 'ุจุนูุนู', 'ููู ููููุฉ'),
(138, '2023-08-04 19:13:15', 2147483647, ' ู ุฉ ', 'ููู ููููุฉ'),
(139, '2023-08-04 19:15:42', 5756, 'ููุคุงุฎ', 'ููู ููููุฉ'),
(140, '2023-08-04 19:16:03', 5557, 'ุฎุบุจุง', 'ููู ููููุฉ'),
(141, '2023-08-04 19:16:17', 350, 'ุบูุคุน', 'ููู ููููุฉ'),
(142, '2023-08-04 19:16:38', 357, 'ููุงุช', 'ููู ููููุฉ'),
(143, '2023-08-04 19:18:50', 350, 'ููุณู ูุงุฒู ุงุญูุฏ ูุนูุงู ุงูุดุฑุฌุจู', 'ููู ููููุฉ'),
(144, '2023-08-04 19:19:06', 358, 'ููุฑูู', 'ููู ููููุฉ'),
(145, '2023-08-04 19:19:33', 205, 'ูุงุฒู', 'ููู ููููุฉ'),
(146, '2023-08-04 19:19:54', 358, 'ูุงูุฏ', 'ููู ููููุฉ'),
(147, '2023-08-04 19:20:25', 258, 'ุงููู', 'ููู ููููุฉ'),
(148, '2023-08-04 19:21:11', 358, 'ููุงู', 'ููู ููููุฉ'),
(149, '2023-08-04 19:21:27', 357, 'ุชูุกุธุง', 'ููู ููููุฉ'),
(150, '2023-08-04 19:21:42', 203, '', 'ููู ููููุฉ'),
(151, '2023-08-04 19:23:57', 2023, 'ููุณู..ูุงูุฏ..ูุงุฒู..ุงููู...๐ฅฐ๐น', 'ููู ููููุฉ'),
(152, '2023-08-04 19:24:21', 2076, 'ูุงููู', 'ููู ููููุฉ'),
(153, '2023-08-04 19:24:31', 537, 'ููู', 'ููู ููููุฉ'),
(154, '2023-08-04 19:24:38', 657, 'ูุบุจ', 'ููู ููููุฉ'),
(155, '2023-08-04 19:24:47', 655, 'ููู', 'ููู ููููุฉ'),
(156, '2023-08-04 19:25:03', 9576657, 'ุคุงููุคุฎ', 'ููู ููููุฉ'),
(157, '2023-08-04 19:25:14', 5765, 'ูุงููู', 'ููู ููููุฉ'),
(158, '2023-08-04 19:25:33', 675, 'ูุบุจุงู', 'ููู ููููุฉ'),
(159, '2023-08-04 19:25:44', 235, 'ูููุญุจ', 'ููู ููููุฉ'),
(160, '2023-08-04 19:25:56', 246, 'ูููู', 'ููู ููููุฉ'),
(161, '2023-08-04 19:26:08', 567, 'ููุฑ', 'ููู ููููุฉ'),
(162, '2023-08-04 19:26:17', 657, 'ูุงุฑ', 'ููู ููููุฉ'),
(163, '2023-08-04 19:26:23', 567, 'ูู', 'ููู ููููุฉ'),
(164, '2023-08-04 19:26:30', 568, 'ูุบุจ', 'ููู ููููุฉ'),
(165, '2023-08-04 19:26:38', 657, 'ููู', 'ููู ููููุฉ'),
(166, '2023-08-04 19:26:48', 597, 'ุฎุบุจ', 'ููู ููููุฉ'),
(167, '2023-08-04 19:26:58', 67, 'ูุงุค', 'ููู ููููุฉ'),
(168, '2023-08-04 19:27:09', 658, 'ููู', 'ููู ููููุฉ'),
(169, '2023-08-04 19:27:18', 658, 'ููู', 'ููู ููููุฉ'),
(170, '2023-08-04 19:27:28', 624, 'ูุบู', 'ููู ููููุฉ'),
(171, '2023-08-04 19:27:42', 654, 'ุฎุบุจ', 'ููู ููููุฉ'),
(172, '2023-08-04 19:27:50', 597, 'ููุณ', 'ููู ููููุฉ'),
(173, '2023-08-04 19:28:02', 576, 'ูุบู', 'ููู ููููุฉ'),
(174, '2023-08-04 19:28:11', 654, 'ูุบุจ', 'ููู ููููุฉ'),
(175, '2023-08-04 19:28:21', 264, 'ููู', 'ููู ููููุฉ'),
(176, '2023-08-04 19:28:27', 567, 'ุบุจุฎ', 'ููู ููููุฉ'),
(177, '2023-08-04 19:28:38', 597, 'ูุบุจุบ', 'ููู ููููุฉ'),
(178, '2023-08-04 19:28:55', 654, 'ุฒูุค', 'ููู ููููุฉ'),
(179, '2023-08-04 19:29:08', 657, 'ูุชุบูููู', 'ููู ููููุฉ'),
(180, '2023-08-04 19:29:15', 954, 'ุบูุน', 'ููู ููููุฉ'),
(181, '2023-08-04 19:29:25', 657, 'ููุณ', 'ููู ููููุฉ'),
(182, '2023-08-04 19:29:32', 654, 'ุบุฎุจ', 'ููู ููููุฉ'),
(183, '2023-08-04 19:29:38', 987, 'ููู', 'ููู ููููุฉ'),
(184, '2023-08-04 19:29:44', 465, 'ููฅุซ', 'ููู ููููุฉ'),
(185, '2023-08-04 19:29:53', 795, 'ุซูู', 'ููู ููููุฉ'),
(186, '2023-08-04 19:30:05', 955, 'ููููุชู', 'ููู ููููุฉ'),
(187, '2023-08-04 19:30:12', 895, 'ูุบู', 'ููู ููููุฉ'),
(188, '2023-08-04 19:30:22', 546, 'ูุงู', 'ููู ููููุฉ'),
(189, '2023-08-04 19:30:32', 655324, 'ุซูู', 'ููู ููููุฉ'),
(190, '2023-08-04 19:30:43', 957, 'ูุคู', 'ููู ููููุฉ'),
(191, '2023-08-04 19:30:50', 987, 'ููู', 'ููู ููููุฉ'),
(192, '2023-08-04 19:31:03', 597, 'ุชุจุค', 'ููู ููููุฉ'),
(193, '2023-08-04 19:31:11', 954, 'ูุบุจ', 'ููู ููููุฉ'),
(194, '2023-08-04 19:31:18', 654, 'ููุซ', 'ููู ููููุฉ'),
(195, '2023-08-04 19:31:23', 597, 'ููู', 'ููู ููููุฉ'),
(196, '2023-08-04 19:31:32', 95768, 'ูุนู', 'ููู ููููุฉ'),
(197, '2023-08-04 19:31:40', 957, 'ุจูุง', 'ููู ููููุฉ'),
(198, '2023-08-04 19:31:48', 957, 'ุจุบ', 'ููู ููููุฉ'),
(199, '2023-08-04 19:32:15', 495, 'ุงููุนู', 'ููู ููููุฉ'),
(200, '2023-08-04 19:32:23', 957, 'ููู', 'ููู ููููุฉ'),
(201, '2023-08-04 19:32:31', 68, 'ุจุชู', 'ููู ููููุฉ'),
(202, '2023-08-04 19:32:39', 957, 'ูุงู', 'ููู ููููุฉ'),
(203, '2023-08-04 19:32:52', 654, 'ูุคุช', 'ููู ููููุฉ'),
(204, '2023-08-04 19:32:58', 567, 'ูุคุฒ', 'ููู ููููุฉ'),
(205, '2023-08-04 19:33:06', 657, 'ููู', 'ููู ููููุฉ'),
(206, '2023-08-04 19:33:15', 957, 'ุงุจูู', 'ููู ููููุฉ'),
(207, '2023-08-04 19:33:23', 654, 'ุนุจู', 'ููู ููููุฉ'),
(208, '2023-08-04 19:33:32', 957, 'ูุงู', 'ููู ููููุฉ'),
(209, '2023-08-04 19:33:45', 549, 'ูุบูุน', 'ููู ููููุฉ'),
(210, '2023-08-14 16:52:30', 35, 'ysgdj', 'ููู ููููุฉ');

-- --------------------------------------------------------

--
-- Table structure for table `Users`
--

CREATE TABLE `Users` (
  `id` int(11) NOT NULL,
  `Table_Name` int(11) UNSIGNED NOT NULL,
  `NumPhone` varchar(20) COLLATE utf8mb4_unicode_ci NOT NULL,
  `Pass` varchar(100) COLLATE utf8mb4_unicode_ci NOT NULL,
  `Date_registration` date NOT NULL,
  `Date_login` date NOT NULL,
  `time_login` time NOT NULL
) ENGINE=InnoDB DEFAULT CHARSET=utf8mb4 COLLATE=utf8mb4_unicode_ci;

--
-- Dumping data for table `Users`
--

INSERT INTO `Users` (`id`, `Table_Name`, `NumPhone`, `Pass`, `Date_registration`, `Date_login`, `time_login`) VALUES
(1, 1, '1', 'c4ca4238a0b923820dcc509a6f75849b', '2023-08-11', '2023-08-16', '16:57:41'),
(2, 2, '2', 'c81e728d9d4c2f636f067f89cc14862c', '2023-08-11', '2023-08-16', '17:11:05'),
(3, 3, '3', 'eccbc87e4b5ce2fe28308fd9f2a7baf3', '2023-08-11', '2023-08-16', '17:14:29'),
(4, 4, '4', 'a87ff679a2f3e71d9181a67b7542122c', '2023-08-11', '2023-08-13', '17:46:19'),
(5, 5, '5', 'e4da3b7fbbce2345d7772b0674a318d5', '2023-08-11', '2023-08-13', '17:34:17'),
(6, 6, '6', '1679091c5a880faf6fb5e6087eb1b2dc', '2023-08-11', '2023-08-12', '21:10:39'),
(7, 7, '7', '8f14e45fceea167a5a36dedd4bea2543', '2023-08-11', '2023-08-11', '02:05:42'),
(8, 8, '8', 'c9f0f895fb98ab9159f51fd0297e236d', '2023-08-11', '2023-08-14', '16:49:56'),
(9, 9, '9', '45c48cce2e2d7fbdea1afc51c7c6ad26', '2023-08-11', '2023-08-11', '01:59:31'),
(10, 10, '10', 'd3d9446802a44259755d38e6d163e820', '2023-08-11', '2023-08-12', '23:04:30'),
(11, 11, '11', '6512bd43d9caa6e02c990b0a82652dca', '2023-08-12', '2023-08-14', '17:04:55');

-- --------------------------------------------------------

--
-- Table structure for table `work`
--

CREATE TABLE `work` (
  `_ID` int(11) NOT NULL,
  `Doc_id` int(11) UNSIGNED NOT NULL,
  `User_send` int(11) UNSIGNED NOT NULL,
  `Date_send` datetime NOT NULL,
  `User_rec` int(11) UNSIGNED DEFAULT NULL,
  `Date_rec` datetime DEFAULT NULL,
  `tmp_rec` int(11) UNSIGNED DEFAULT NULL,
  `tmp_date_rec` datetime DEFAULT NULL,
  `request_stat` int(11) NOT NULL,
  `request_done` int(11) NOT NULL,
  `type_send` int(11) DEFAULT NULL,
  `bool_set` tinyint(1) DEFAULT NULL,
  `note` longtext COLLATE utf8mb4_unicode_ci DEFAULT NULL
) ENGINE=InnoDB DEFAULT CHARSET=utf8mb4 COLLATE=utf8mb4_unicode_ci;

--
-- Dumping data for table `work`
--

INSERT INTO `work` (`_ID`, `Doc_id`, `User_send`, `Date_send`, `User_rec`, `Date_rec`, `tmp_rec`, `tmp_date_rec`, `request_stat`, `request_done`, `type_send`, `bool_set`, `note`) VALUES
(1, 1, 4, '2023-08-03 02:11:58', 4, '2023-08-03 02:11:58', 1, '2023-08-03 02:17:05', 0, 0, 1, 0, ''),
(2, 1, 4, '2023-08-03 02:17:05', 1, '2023-08-03 02:17:05', 6, '2023-08-05 23:11:38', 0, 0, 1, 0, 'ูุงุฒู ูููู'),
(3, 2, 1, '2023-08-03 02:19:06', 1, '2023-08-03 02:19:06', 2, '2023-08-05 22:46:32', 0, 0, 0, 0, ''),
(4, 3, 1, '2023-08-03 02:19:14', 1, '2023-08-03 02:19:14', 2, '2023-08-05 22:46:35', 0, 0, 0, 0, ''),
(5, 4, 1, '2023-08-03 02:19:24', 1, '2023-08-03 02:19:24', 2, '2023-08-05 22:46:57', 0, 0, 0, 0, ''),
(6, 5, 1, '2023-08-03 02:19:53', 1, '2023-08-03 02:19:53', 2, '2023-08-05 22:46:50', 0, 0, 0, 0, ''),
(7, 6, 1, '2023-08-03 02:20:26', 1, '2023-08-03 02:20:26', 2, '2023-08-13 17:35:58', 1, 1, 0, 1, ''),
(8, 7, 1, '2023-08-03 02:20:34', 1, '2023-08-03 02:20:34', 2, '2023-08-05 22:46:52', 0, 0, 0, 0, ''),
(9, 8, 1, '2023-08-03 02:20:48', 1, '2023-08-03 02:20:48', 2, '2023-08-13 17:35:55', 1, 1, 0, 1, ''),
(10, 9, 1, '2023-08-03 02:21:01', 1, '2023-08-03 02:21:01', 4, '2023-08-05 22:36:05', 0, 0, 1, 0, 'ูุงูุคู'),
(11, 10, 1, '2023-08-03 02:21:18', 1, '2023-08-03 02:21:18', 2, '2023-08-16 17:12:16', 0, 0, 0, 0, ''),
(12, 11, 1, '2023-08-03 02:21:36', 1, '2023-08-03 02:21:36', 6, '2023-08-05 23:11:36', 0, 0, 1, 0, ''),
(13, 12, 1, '2023-08-03 02:22:26', 1, '2023-08-03 02:22:26', 7, '2023-08-06 21:22:38', 0, 0, 1, 0, ''),
(14, 13, 1, '2023-08-03 02:22:36', 1, '2023-08-03 02:22:36', 2, '2023-08-05 22:46:48', 0, 0, 0, 0, ''),
(15, 14, 1, '2023-08-04 18:13:50', 1, '2023-08-04 18:13:50', 2, '2023-08-13 17:36:05', 1, 1, 0, 1, ''),
(16, 15, 1, '2023-08-04 18:14:02', 1, '2023-08-04 18:14:02', 2, '2023-08-05 22:46:44', 0, 0, 0, 0, ''),
(17, 16, 1, '2023-08-04 18:14:16', 1, '2023-08-04 18:14:16', 2, '2023-08-13 17:36:14', 1, 1, 0, 1, ''),
(18, 17, 1, '2023-08-04 18:14:24', 1, '2023-08-04 18:14:24', 2, '2023-08-05 23:21:59', 0, 0, 0, 0, 'ุงุชููุง '),
(19, 18, 1, '2023-08-04 18:14:31', 1, '2023-08-04 18:14:31', 2, '2023-08-16 17:11:48', 0, 0, 0, 0, ''),
(20, 19, 1, '2023-08-04 18:14:42', 1, '2023-08-04 18:14:42', 2, '2023-08-16 17:11:35', 0, 0, 0, 0, ''),
(21, 20, 1, '2023-08-04 18:14:49', 1, '2023-08-04 18:14:49', 2, '2023-08-16 17:12:10', 0, 0, 0, 0, ''),
(22, 21, 1, '2023-08-04 18:14:56', 1, '2023-08-04 18:14:56', 2, '2023-08-16 17:12:58', 0, 0, 0, 0, ''),
(23, 22, 1, '2023-08-04 18:15:05', 1, '2023-08-04 18:15:05', 2, '2023-08-11 02:24:50', 1, 1, 0, 1, ''),
(24, 23, 1, '2023-08-04 18:15:16', 1, '2023-08-04 18:15:16', 2, '2023-08-13 17:37:17', 1, 1, 0, 1, ''),
(25, 24, 1, '2023-08-04 18:15:26', 1, '2023-08-04 18:15:26', 2, '2023-08-05 23:21:48', 0, 0, 0, 0, ''),
(26, 25, 1, '2023-08-04 18:15:47', 1, '2023-08-04 18:15:47', 2, '2023-08-13 17:37:52', 1, 1, 0, 1, ''),
(27, 26, 1, '2023-08-04 18:15:57', 1, '2023-08-04 18:15:57', 2, '2023-08-13 17:37:57', 1, 1, 0, 1, ''),
(28, 27, 1, '2023-08-04 18:17:48', 1, '2023-08-04 18:17:48', 2, '2023-08-16 17:12:46', 0, 0, 0, 0, ''),
(29, 28, 1, '2023-08-04 18:18:00', 1, '2023-08-04 18:18:00', 2, '2023-08-16 17:12:34', 0, 0, 0, 0, ''),
(30, 29, 1, '2023-08-04 18:18:06', 1, '2023-08-04 18:18:06', 2, '2023-08-13 17:38:17', 1, 1, 0, 1, ''),
(31, 30, 1, '2023-08-04 18:18:13', 1, '2023-08-04 18:18:13', 9, '2023-08-16 16:59:41', 1, 1, 1, 1, ''),
(32, 31, 1, '2023-08-04 18:18:31', 1, '2023-08-04 18:18:31', 6, '2023-08-05 23:11:33', 0, 0, 1, 0, 'uhvbbjd'),
(33, 32, 1, '2023-08-04 18:18:40', 1, '2023-08-04 18:18:40', 2, '2023-08-16 16:59:27', 1, 1, 0, 1, 'yyyy'),
(34, 33, 1, '2023-08-04 18:18:50', 1, '2023-08-04 18:18:50', 4, '2023-08-16 17:04:00', 1, 1, 1, 1, ''),
(35, 34, 1, '2023-08-04 18:18:58', 1, '2023-08-04 18:18:58', 4, '2023-08-16 17:07:16', 1, 1, 1, 1, 'jjjjjj'),
(36, 35, 1, '2023-08-04 18:19:07', 1, '2023-08-04 18:19:07', 2, '2023-08-13 17:38:26', 1, 1, 0, 1, ''),
(37, 36, 1, '2023-08-04 18:19:30', 1, '2023-08-04 18:19:30', 2, '2023-08-13 17:38:46', 1, 1, 0, 1, ''),
(38, 37, 1, '2023-08-04 18:19:40', 1, '2023-08-04 18:19:40', NULL, NULL, 1, 0, NULL, 1, NULL),
(39, 38, 1, '2023-08-04 18:19:47', 1, '2023-08-04 18:19:47', 2, '2023-08-05 22:46:55', 0, 0, 0, 0, ''),
(40, 39, 1, '2023-08-04 18:20:03', 1, '2023-08-04 18:20:03', 7, '2023-08-16 17:00:43', 1, 1, 1, 1, ''),
(41, 40, 1, '2023-08-04 18:20:12', 1, '2023-08-04 18:20:12', 6, '2023-08-11 15:51:13', 0, 0, 1, 0, ''),
(42, 41, 1, '2023-08-04 18:20:21', 1, '2023-08-04 18:20:21', NULL, NULL, 1, 0, NULL, 1, NULL),
(43, 42, 1, '2023-08-04 18:20:39', 1, '2023-08-04 18:20:39', 2, '2023-08-11 02:03:36', 1, 1, 0, 1, ''),
(44, 43, 1, '2023-08-04 18:20:47', 1, '2023-08-04 18:20:47', 8, '2023-08-16 16:58:55', 1, 1, 1, 1, ''),
(45, 44, 1, '2023-08-04 18:20:57', 1, '2023-08-04 18:20:57', 10, '2023-08-16 17:05:19', 1, 1, 1, 1, ''),
(46, 45, 1, '2023-08-04 18:21:17', 1, '2023-08-04 18:21:17', 3, '2023-08-16 17:15:07', 0, 0, 1, 0, ''),
(47, 46, 1, '2023-08-04 18:21:25', 1, '2023-08-04 18:21:25', 6, '2023-08-16 17:10:38', 1, 1, 1, 1, ''),
(48, 47, 1, '2023-08-04 18:21:33', 1, '2023-08-04 18:21:33', 2, '2023-08-05 23:21:45', 0, 0, 0, 0, ''),
(49, 48, 2, '2023-08-04 18:29:40', 2, '2023-08-04 18:29:40', 5, '2023-08-06 18:46:24', 0, 0, 1, 0, ''),
(50, 49, 1, '2023-08-04 18:33:46', 1, '2023-08-04 18:33:46', 3, '2023-08-05 22:44:43', 0, 0, 1, 0, 'tsyusje'),
(51, 50, 1, '2023-08-04 18:33:54', 1, '2023-08-04 18:33:54', NULL, NULL, 1, 0, NULL, 1, NULL),
(52, 51, 1, '2023-08-04 18:34:01', 1, '2023-08-04 18:34:01', NULL, NULL, 1, 0, NULL, 1, NULL),
(53, 52, 1, '2023-08-04 18:34:17', 1, '2023-08-04 18:34:17', 7, '2023-08-16 17:08:54', 1, 1, 1, 1, ''),
(54, 53, 1, '2023-08-04 18:34:34', 1, '2023-08-04 18:34:34', NULL, NULL, 1, 0, NULL, 1, NULL),
(55, 54, 1, '2023-08-04 18:34:41', 1, '2023-08-04 18:34:41', 3, '2023-08-16 17:15:11', 0, 0, 1, 0, ''),
(56, 55, 1, '2023-08-04 18:34:48', 1, '2023-08-04 18:34:48', 2, '2023-08-05 22:46:39', 0, 0, 0, 0, ''),
(57, 56, 1, '2023-08-04 18:34:55', 1, '2023-08-04 18:34:55', 5, '2023-08-16 17:07:38', 1, 1, 1, 1, 'yhyyh'),
(58, 57, 1, '2023-08-04 18:35:02', 1, '2023-08-04 18:35:02', 2, '2023-08-11 02:30:22', 1, 1, 0, 1, ''),
(59, 58, 1, '2023-08-04 18:35:29', 1, '2023-08-04 18:35:29', 2, '2023-08-16 17:08:18', 1, 1, 0, 1, ''),
(60, 59, 1, '2023-08-04 18:35:38', 1, '2023-08-04 18:35:38', NULL, NULL, 1, 0, NULL, 1, NULL),
(61, 60, 1, '2023-08-04 18:35:44', 1, '2023-08-04 18:35:44', NULL, NULL, 1, 0, NULL, 1, NULL),
(62, 61, 1, '2023-08-04 18:35:54', 1, '2023-08-04 18:35:54', 8, '2023-08-16 17:02:34', 1, 1, 1, 1, ''),
(63, 62, 1, '2023-08-04 18:36:25', 1, '2023-08-04 18:36:25', NULL, NULL, 1, 0, NULL, 1, NULL),
(64, 63, 1, '2023-08-04 18:36:43', 1, '2023-08-04 18:36:43', 2, '2023-08-16 17:13:54', 0, 0, 0, 0, ''),
(65, 64, 1, '2023-08-04 18:36:59', 1, '2023-08-04 18:36:59', 2, '2023-08-16 17:13:43', 0, 0, 0, 0, ''),
(66, 65, 1, '2023-08-04 18:37:18', 1, '2023-08-04 18:37:18', 2, '2023-08-05 23:21:51', 0, 0, 0, 0, ''),
(67, 66, 1, '2023-08-04 18:37:45', 1, '2023-08-04 18:37:45', 3, '2023-08-05 22:44:40', 0, 0, 1, 0, 'yshhsi'),
(68, 67, 1, '2023-08-04 18:38:18', 1, '2023-08-04 18:38:18', NULL, NULL, 1, 0, NULL, 1, NULL),
(69, 68, 1, '2023-08-04 18:38:33', 1, '2023-08-04 18:38:33', NULL, NULL, 1, 0, NULL, 1, NULL),
(70, 69, 1, '2023-08-04 18:38:53', 1, '2023-08-04 18:38:53', 2, '2023-08-16 17:13:35', 0, 0, 0, 0, ''),
(71, 70, 1, '2023-08-04 18:39:27', 1, '2023-08-04 18:39:27', NULL, NULL, 1, 0, NULL, 1, NULL),
(72, 71, 1, '2023-08-04 18:39:56', 1, '2023-08-04 18:39:56', NULL, NULL, 1, 0, NULL, 1, NULL),
(73, 72, 1, '2023-08-04 18:40:23', 1, '2023-08-04 18:40:23', NULL, NULL, 1, 0, NULL, 1, NULL),
(74, 73, 1, '2023-08-04 18:40:44', 1, '2023-08-04 18:40:44', NULL, NULL, 1, 0, NULL, 1, NULL),
(75, 74, 1, '2023-08-04 18:41:28', 1, '2023-08-04 18:41:28', NULL, NULL, 1, 0, NULL, 1, NULL),
(76, 75, 1, '2023-08-04 18:41:51', 1, '2023-08-04 18:41:51', NULL, NULL, 1, 0, NULL, 1, NULL),
(77, 76, 1, '2023-08-04 18:42:24', 1, '2023-08-04 18:42:24', NULL, NULL, 1, 0, NULL, 1, NULL),
(78, 77, 1, '2023-08-04 18:42:50', 1, '2023-08-04 18:42:50', NULL, NULL, 1, 0, NULL, 1, NULL),
(79, 78, 1, '2023-08-04 18:43:13', 1, '2023-08-04 18:43:13', NULL, NULL, 1, 0, NULL, 1, NULL),
(80, 79, 1, '2023-08-04 18:43:43', 1, '2023-08-04 18:43:43', NULL, NULL, 1, 0, NULL, 1, NULL),
(81, 80, 1, '2023-08-04 18:56:55', 1, '2023-08-04 18:56:55', NULL, NULL, 1, 0, NULL, 1, NULL),
(82, 81, 1, '2023-08-04 18:57:15', 1, '2023-08-04 18:57:15', NULL, NULL, 1, 0, NULL, 1, NULL),
(83, 82, 1, '2023-08-04 18:58:08', 1, '2023-08-04 18:58:08', NULL, NULL, 1, 0, NULL, 1, NULL),
(84, 83, 1, '2023-08-04 18:58:24', 1, '2023-08-04 18:58:24', NULL, NULL, 1, 0, NULL, 1, NULL),
(85, 84, 1, '2023-08-04 18:58:44', 1, '2023-08-04 18:58:44', NULL, NULL, 1, 0, NULL, 1, NULL),
(86, 85, 1, '2023-08-04 18:59:03', 1, '2023-08-04 18:59:03', NULL, NULL, 1, 0, NULL, 1, NULL),
(87, 86, 1, '2023-08-04 18:59:21', 1, '2023-08-04 18:59:21', NULL, NULL, 1, 0, NULL, 1, NULL),
(88, 87, 1, '2023-08-04 18:59:58', 1, '2023-08-04 18:59:58', NULL, NULL, 1, 0, NULL, 1, NULL),
(89, 88, 1, '2023-08-04 19:00:32', 1, '2023-08-04 19:00:32', NULL, NULL, 1, 0, NULL, 1, NULL),
(90, 89, 1, '2023-08-04 19:01:22', 1, '2023-08-04 19:01:22', NULL, NULL, 1, 0, NULL, 1, NULL),
(91, 90, 1, '2023-08-04 19:02:48', 1, '2023-08-04 19:02:48', NULL, NULL, 1, 0, NULL, 1, NULL),
(92, 91, 1, '2023-08-04 19:03:43', 1, '2023-08-04 19:03:43', 2, '2023-08-05 23:21:53', 0, 0, 0, 0, ''),
(93, 92, 1, '2023-08-04 19:04:01', 1, '2023-08-04 19:04:01', NULL, NULL, 1, 0, NULL, 1, NULL),
(94, 93, 1, '2023-08-04 19:04:23', 1, '2023-08-04 19:04:23', NULL, NULL, 1, 0, NULL, 1, NULL),
(95, 94, 1, '2023-08-04 19:04:38', 1, '2023-08-04 19:04:38', NULL, NULL, 1, 0, NULL, 1, NULL),
(96, 95, 1, '2023-08-04 19:04:48', 1, '2023-08-04 19:04:48', NULL, NULL, 1, 0, NULL, 1, NULL),
(97, 96, 1, '2023-08-04 19:05:24', 1, '2023-08-04 19:05:24', NULL, NULL, 1, 0, NULL, 1, NULL),
(98, 97, 1, '2023-08-04 19:05:34', 1, '2023-08-04 19:05:34', NULL, NULL, 1, 0, NULL, 1, NULL),
(99, 98, 1, '2023-08-04 19:05:59', 1, '2023-08-04 19:05:59', NULL, NULL, 1, 0, NULL, 1, NULL),
(100, 99, 1, '2023-08-04 19:05:59', 1, '2023-08-04 19:05:59', 2, '2023-08-05 23:21:55', 0, 0, 0, 0, ''),
(101, 100, 1, '2023-08-04 19:06:23', 1, '2023-08-04 19:06:23', NULL, NULL, 1, 0, NULL, 1, NULL),
(102, 101, 1, '2023-08-04 19:06:48', 1, '2023-08-04 19:06:48', NULL, NULL, 1, 0, NULL, 1, NULL),
(103, 102, 1, '2023-08-04 19:07:47', 1, '2023-08-04 19:07:47', NULL, NULL, 1, 0, NULL, 1, NULL),
(104, 103, 1, '2023-08-04 19:08:00', 1, '2023-08-04 19:08:00', NULL, NULL, 1, 0, NULL, 1, NULL),
(105, 104, 1, '2023-08-04 19:08:14', 1, '2023-08-04 19:08:14', NULL, NULL, 1, 0, NULL, 1, NULL),
(106, 105, 1, '2023-08-04 19:08:36', 1, '2023-08-04 19:08:36', NULL, NULL, 1, 0, NULL, 1, NULL),
(107, 106, 1, '2023-08-04 19:08:44', 1, '2023-08-04 19:08:44', NULL, NULL, 1, 0, NULL, 1, NULL),
(108, 107, 1, '2023-08-04 19:08:53', 1, '2023-08-04 19:08:53', 6, '2023-08-16 17:02:56', 1, 1, 1, 1, ''),
(109, 108, 1, '2023-08-04 19:09:01', 1, '2023-08-04 19:09:01', NULL, NULL, 1, 0, NULL, 1, NULL),
(110, 109, 1, '2023-08-04 19:09:07', 1, '2023-08-04 19:09:07', 5, '2023-08-16 17:01:33', 1, 1, 1, 1, ''),
(111, 110, 1, '2023-08-04 19:09:20', 1, '2023-08-04 19:09:20', NULL, NULL, 1, 0, NULL, 1, NULL),
(112, 111, 1, '2023-08-04 19:09:30', 1, '2023-08-04 19:09:30', NULL, NULL, 1, 0, NULL, 1, NULL),
(113, 112, 1, '2023-08-04 19:09:36', 1, '2023-08-04 19:09:36', NULL, NULL, 1, 0, NULL, 1, NULL),
(114, 113, 1, '2023-08-04 19:09:45', 1, '2023-08-04 19:09:45', NULL, NULL, 1, 0, NULL, 1, NULL),
(115, 114, 1, '2023-08-04 19:09:59', 1, '2023-08-04 19:09:59', NULL, NULL, 1, 0, NULL, 1, NULL),
(116, 115, 1, '2023-08-04 19:10:31', 1, '2023-08-04 19:10:31', NULL, NULL, 1, 0, NULL, 1, NULL),
(117, 116, 1, '2023-08-04 19:10:39', 1, '2023-08-04 19:10:39', NULL, NULL, 1, 0, NULL, 1, NULL),
(118, 117, 1, '2023-08-04 19:10:47', 1, '2023-08-04 19:10:47', NULL, NULL, 1, 0, NULL, 1, NULL),
(119, 118, 1, '2023-08-04 19:10:53', 1, '2023-08-04 19:10:53', NULL, NULL, 1, 0, NULL, 1, NULL),
(120, 119, 1, '2023-08-04 19:10:58', 1, '2023-08-04 19:10:58', NULL, NULL, 1, 0, NULL, 1, NULL),
(121, 120, 1, '2023-08-04 19:11:04', 1, '2023-08-04 19:11:04', NULL, NULL, 1, 0, NULL, 1, NULL),
(122, 121, 1, '2023-08-04 19:11:12', 1, '2023-08-04 19:11:12', 6, '2023-08-16 17:01:01', 1, 1, 1, 1, ''),
(123, 122, 1, '2023-08-04 19:11:21', 1, '2023-08-04 19:11:21', NULL, NULL, 1, 0, NULL, 1, NULL),
(124, 123, 1, '2023-08-04 19:11:29', 1, '2023-08-04 19:11:29', NULL, NULL, 1, 0, NULL, 1, NULL),
(125, 124, 1, '2023-08-04 19:11:36', 1, '2023-08-04 19:11:36', NULL, NULL, 1, 0, NULL, 1, NULL),
(126, 125, 1, '2023-08-04 19:11:44', 1, '2023-08-04 19:11:44', 5, '2023-08-16 17:09:45', 1, 1, 1, 1, ''),
(127, 126, 1, '2023-08-04 19:11:51', 1, '2023-08-04 19:11:51', NULL, NULL, 1, 0, NULL, 1, NULL),
(128, 127, 1, '2023-08-04 19:11:58', 1, '2023-08-04 19:11:58', NULL, NULL, 1, 0, NULL, 1, NULL),
(129, 128, 1, '2023-08-04 19:12:05', 1, '2023-08-04 19:12:05', NULL, NULL, 1, 0, NULL, 1, NULL),
(130, 129, 1, '2023-08-04 19:12:11', 1, '2023-08-04 19:12:11', NULL, NULL, 1, 0, NULL, 1, NULL),
(131, 130, 1, '2023-08-04 19:12:18', 1, '2023-08-04 19:12:18', NULL, NULL, 1, 0, NULL, 1, NULL),
(132, 131, 1, '2023-08-04 19:12:24', 1, '2023-08-04 19:12:24', NULL, NULL, 1, 0, NULL, 1, NULL),
(133, 132, 1, '2023-08-04 19:12:33', 1, '2023-08-04 19:12:33', NULL, NULL, 1, 0, NULL, 1, NULL),
(134, 133, 1, '2023-08-04 19:12:44', 1, '2023-08-04 19:12:44', NULL, NULL, 1, 0, NULL, 1, NULL),
(135, 134, 1, '2023-08-04 19:12:49', 1, '2023-08-04 19:12:49', NULL, NULL, 1, 0, NULL, 1, NULL),
(136, 135, 1, '2023-08-04 19:12:53', 1, '2023-08-04 19:12:53', NULL, NULL, 1, 0, NULL, 1, NULL),
(137, 136, 1, '2023-08-04 19:13:01', 1, '2023-08-04 19:13:01', NULL, NULL, 1, 0, NULL, 1, NULL),
(138, 137, 1, '2023-08-04 19:13:06', 1, '2023-08-04 19:13:06', NULL, NULL, 1, 0, NULL, 1, NULL),
(139, 138, 1, '2023-08-04 19:13:15', 1, '2023-08-04 19:13:15', NULL, NULL, 1, 0, NULL, 1, NULL),
(140, 139, 1, '2023-08-04 19:15:42', 1, '2023-08-04 19:15:42', NULL, NULL, 1, 0, NULL, 1, NULL),
(141, 140, 1, '2023-08-04 19:16:03', 1, '2023-08-04 19:16:03', NULL, NULL, 1, 0, NULL, 1, NULL),
(142, 141, 1, '2023-08-04 19:16:18', 1, '2023-08-04 19:16:18', NULL, NULL, 1, 0, NULL, 1, NULL),
(143, 142, 1, '2023-08-04 19:16:38', 1, '2023-08-04 19:16:38', NULL, NULL, 1, 0, NULL, 1, NULL),
(144, 143, 1, '2023-08-04 19:18:50', 1, '2023-08-04 19:18:50', NULL, NULL, 1, 0, NULL, 1, NULL),
(145, 144, 1, '2023-08-04 19:19:06', 1, '2023-08-04 19:19:06', NULL, NULL, 1, 0, NULL, 1, NULL),
(146, 145, 1, '2023-08-04 19:19:33', 1, '2023-08-04 19:19:33', NULL, NULL, 1, 0, NULL, 1, NULL),
(147, 146, 1, '2023-08-04 19:19:54', 1, '2023-08-04 19:19:54', NULL, NULL, 1, 0, NULL, 1, NULL),
(148, 147, 1, '2023-08-04 19:20:25', 1, '2023-08-04 19:20:25', NULL, NULL, 1, 0, NULL, 1, NULL),
(149, 148, 1, '2023-08-04 19:21:11', 1, '2023-08-04 19:21:11', NULL, NULL, 1, 0, NULL, 1, NULL),
(150, 149, 1, '2023-08-04 19:21:27', 1, '2023-08-04 19:21:27', NULL, NULL, 1, 0, NULL, 1, NULL),
(151, 150, 1, '2023-08-04 19:21:42', 1, '2023-08-04 19:21:42', NULL, NULL, 1, 0, NULL, 1, NULL),
(152, 151, 1, '2023-08-04 19:23:57', 1, '2023-08-04 19:23:57', NULL, NULL, 1, 0, NULL, 1, NULL),
(153, 152, 1, '2023-08-04 19:24:21', 1, '2023-08-04 19:24:21', NULL, NULL, 1, 0, NULL, 1, NULL),
(154, 153, 1, '2023-08-04 19:24:31', 1, '2023-08-04 19:24:31', NULL, NULL, 1, 0, NULL, 1, NULL),
(155, 154, 1, '2023-08-04 19:24:38', 1, '2023-08-04 19:24:38', NULL, NULL, 1, 0, NULL, 1, NULL),
(156, 155, 1, '2023-08-04 19:24:47', 1, '2023-08-04 19:24:47', NULL, NULL, 1, 0, NULL, 1, NULL),
(157, 156, 1, '2023-08-04 19:25:03', 1, '2023-08-04 19:25:03', NULL, NULL, 1, 0, NULL, 1, NULL),
(158, 157, 1, '2023-08-04 19:25:14', 1, '2023-08-04 19:25:14', NULL, NULL, 1, 0, NULL, 1, NULL),
(159, 158, 1, '2023-08-04 19:25:33', 1, '2023-08-04 19:25:33', NULL, NULL, 1, 0, NULL, 1, NULL),
(160, 159, 1, '2023-08-04 19:25:44', 1, '2023-08-04 19:25:44', NULL, NULL, 1, 0, NULL, 1, NULL),
(161, 160, 1, '2023-08-04 19:25:56', 1, '2023-08-04 19:25:56', NULL, NULL, 1, 0, NULL, 1, NULL),
(162, 161, 1, '2023-08-04 19:26:08', 1, '2023-08-04 19:26:08', NULL, NULL, 1, 0, NULL, 1, NULL),
(163, 162, 1, '2023-08-04 19:26:17', 1, '2023-08-04 19:26:17', NULL, NULL, 1, 0, NULL, 1, NULL),
(164, 163, 1, '2023-08-04 19:26:23', 1, '2023-08-04 19:26:23', NULL, NULL, 1, 0, NULL, 1, NULL),
(165, 164, 1, '2023-08-04 19:26:30', 1, '2023-08-04 19:26:30', NULL, NULL, 1, 0, NULL, 1, NULL),
(166, 165, 1, '2023-08-04 19:26:38', 1, '2023-08-04 19:26:38', NULL, NULL, 1, 0, NULL, 1, NULL),
(167, 166, 1, '2023-08-04 19:26:48', 1, '2023-08-04 19:26:48', NULL, NULL, 1, 0, NULL, 1, NULL),
(168, 167, 1, '2023-08-04 19:26:58', 1, '2023-08-04 19:26:58', NULL, NULL, 1, 0, NULL, 1, NULL),
(169, 168, 1, '2023-08-04 19:27:09', 1, '2023-08-04 19:27:09', NULL, NULL, 1, 0, NULL, 1, NULL),
(170, 169, 1, '2023-08-04 19:27:18', 1, '2023-08-04 19:27:18', NULL, NULL, 1, 0, NULL, 1, NULL),
(171, 170, 1, '2023-08-04 19:27:28', 1, '2023-08-04 19:27:28', NULL, NULL, 1, 0, NULL, 1, NULL),
(172, 171, 1, '2023-08-04 19:27:42', 1, '2023-08-04 19:27:42', NULL, NULL, 1, 0, NULL, 1, NULL),
(173, 172, 1, '2023-08-04 19:27:50', 1, '2023-08-04 19:27:50', NULL, NULL, 1, 0, NULL, 1, NULL),
(174, 173, 1, '2023-08-04 19:28:02', 1, '2023-08-04 19:28:02', NULL, NULL, 1, 0, NULL, 1, NULL),
(175, 174, 1, '2023-08-04 19:28:11', 1, '2023-08-04 19:28:11', NULL, NULL, 1, 0, NULL, 1, NULL),
(176, 175, 1, '2023-08-04 19:28:21', 1, '2023-08-04 19:28:21', NULL, NULL, 1, 0, NULL, 1, NULL),
(177, 176, 1, '2023-08-04 19:28:27', 1, '2023-08-04 19:28:27', NULL, NULL, 1, 0, NULL, 1, NULL),
(178, 177, 1, '2023-08-04 19:28:38', 1, '2023-08-04 19:28:38', 10, '2023-08-12 23:04:38', 0, 0, 1, 0, 'ูุนุฑูู'),
(179, 178, 1, '2023-08-04 19:28:55', 1, '2023-08-04 19:28:55', NULL, NULL, 1, 0, NULL, 1, NULL),
(180, 179, 1, '2023-08-04 19:29:08', 1, '2023-08-04 19:29:08', NULL, NULL, 1, 0, NULL, 1, NULL),
(181, 180, 1, '2023-08-04 19:29:15', 1, '2023-08-04 19:29:15', NULL, NULL, 1, 0, NULL, 1, NULL),
(182, 181, 1, '2023-08-04 19:29:25', 1, '2023-08-04 19:29:25', NULL, NULL, 1, 0, NULL, 1, NULL),
(183, 182, 1, '2023-08-04 19:29:32', 1, '2023-08-04 19:29:32', NULL, NULL, 1, 0, NULL, 1, NULL),
(184, 183, 1, '2023-08-04 19:29:38', 1, '2023-08-04 19:29:38', NULL, NULL, 1, 0, NULL, 1, NULL),
(185, 184, 1, '2023-08-04 19:29:44', 1, '2023-08-04 19:29:44', NULL, NULL, 1, 0, NULL, 1, NULL),
(186, 185, 1, '2023-08-04 19:29:53', 1, '2023-08-04 19:29:53', NULL, NULL, 1, 0, NULL, 1, NULL),
(187, 186, 1, '2023-08-04 19:30:05', 1, '2023-08-04 19:30:05', NULL, NULL, 1, 0, NULL, 1, NULL),
(188, 187, 1, '2023-08-04 19:30:12', 1, '2023-08-04 19:30:12', NULL, NULL, 1, 0, NULL, 1, NULL),
(189, 188, 1, '2023-08-04 19:30:22', 1, '2023-08-04 19:30:22', NULL, NULL, 1, 0, NULL, 1, NULL),
(190, 189, 1, '2023-08-04 19:30:32', 1, '2023-08-04 19:30:32', NULL, NULL, 1, 0, NULL, 1, NULL),
(191, 190, 1, '2023-08-04 19:30:43', 1, '2023-08-04 19:30:43', NULL, NULL, 1, 0, NULL, 1, NULL),
(192, 191, 1, '2023-08-04 19:30:50', 1, '2023-08-04 19:30:50', NULL, NULL, 1, 0, NULL, 1, NULL),
(193, 192, 1, '2023-08-04 19:31:03', 1, '2023-08-04 19:31:03', NULL, NULL, 1, 0, NULL, 1, NULL),
(194, 193, 1, '2023-08-04 19:31:11', 1, '2023-08-04 19:31:11', NULL, NULL, 1, 0, NULL, 1, NULL),
(195, 194, 1, '2023-08-04 19:31:18', 1, '2023-08-04 19:31:18', NULL, NULL, 1, 0, NULL, 1, NULL),
(196, 195, 1, '2023-08-04 19:31:23', 1, '2023-08-04 19:31:23', NULL, NULL, 1, 0, NULL, 1, NULL),
(197, 196, 1, '2023-08-04 19:31:32', 1, '2023-08-04 19:31:32', NULL, NULL, 1, 0, NULL, 1, NULL),
(198, 197, 1, '2023-08-04 19:31:40', 1, '2023-08-04 19:31:40', NULL, NULL, 1, 0, NULL, 1, NULL),
(199, 198, 1, '2023-08-04 19:31:48', 1, '2023-08-04 19:31:48', NULL, NULL, 1, 0, NULL, 1, NULL),
(200, 199, 1, '2023-08-04 19:32:15', 1, '2023-08-04 19:32:15', NULL, NULL, 1, 0, NULL, 1, NULL),
(201, 200, 1, '2023-08-04 19:32:24', 1, '2023-08-04 19:32:24', NULL, NULL, 1, 0, NULL, 1, NULL),
(202, 201, 1, '2023-08-04 19:32:31', 1, '2023-08-04 19:32:31', NULL, NULL, 1, 0, NULL, 1, NULL),
(203, 202, 1, '2023-08-04 19:32:39', 1, '2023-08-04 19:32:39', NULL, NULL, 1, 0, NULL, 1, NULL),
(204, 203, 1, '2023-08-04 19:32:52', 1, '2023-08-04 19:32:52', NULL, NULL, 1, 0, NULL, 1, NULL),
(205, 204, 1, '2023-08-04 19:32:58', 1, '2023-08-04 19:32:58', NULL, NULL, 1, 0, NULL, 1, NULL),
(206, 205, 1, '2023-08-04 19:33:06', 1, '2023-08-04 19:33:06', NULL, NULL, 1, 0, NULL, 1, NULL),
(207, 206, 1, '2023-08-04 19:33:15', 1, '2023-08-04 19:33:15', NULL, NULL, 1, 0, NULL, 1, NULL),
(208, 207, 1, '2023-08-04 19:33:23', 1, '2023-08-04 19:33:23', 9, '2023-08-05 23:24:59', 0, 0, 1, 0, 'ุงูุงุฏุฉ'),
(209, 208, 1, '2023-08-04 19:33:32', 1, '2023-08-04 19:33:32', 2, '2023-08-16 17:08:00', 1, 1, 1, 1, ''),
(210, 209, 1, '2023-08-04 19:33:45', 1, '2023-08-04 19:33:45', NULL, NULL, 1, 0, NULL, 1, NULL),
(211, 9, 1, '2023-08-05 22:36:05', 4, '2023-08-05 22:36:05', 5, '2023-08-13 17:35:27', 0, 0, 0, 0, ''),
(212, 66, 1, '2023-08-05 22:44:40', 3, '2023-08-05 22:44:40', 4, '2023-08-13 17:46:31', 0, 0, 0, 0, ''),
(213, 49, 1, '2023-08-05 22:44:43', 3, '2023-08-05 22:44:43', 4, '2023-08-13 17:46:28', 0, 0, 0, 0, ''),
(214, 2, 1, '2023-08-05 22:46:32', 2, '2023-08-05 22:46:32', 3, '2023-08-16 17:14:38', 0, 0, 0, 0, ''),
(215, 3, 1, '2023-08-05 22:46:35', 2, '2023-08-05 22:46:35', 3, '2023-08-16 17:14:35', 0, 0, 0, 0, ''),
(216, 55, 1, '2023-08-05 22:46:39', 2, '2023-08-05 22:46:39', 5, '2023-08-06 18:52:09', 0, 0, 1, 0, ''),
(217, 15, 1, '2023-08-05 22:46:44', 2, '2023-08-05 22:46:44', 3, '2023-08-16 17:14:50', 0, 0, 0, 0, ''),
(218, 13, 1, '2023-08-05 22:46:48', 2, '2023-08-05 22:46:48', 3, '2023-08-16 17:15:04', 0, 0, 0, 0, ''),
(219, 5, 1, '2023-08-05 22:46:50', 2, '2023-08-05 22:46:50', 3, '2023-08-16 17:14:42', 0, 0, 0, 0, ''),
(220, 7, 1, '2023-08-05 22:46:52', 2, '2023-08-05 22:46:52', 3, '2023-08-16 17:14:45', 0, 0, 0, 0, ''),
(221, 38, 1, '2023-08-05 22:46:55', 2, '2023-08-05 22:46:55', NULL, NULL, 1, 0, NULL, 1, ''),
(222, 4, 1, '2023-08-05 22:46:57', 2, '2023-08-05 22:46:57', 3, '2023-08-16 17:14:40', 0, 0, 0, 0, ''),
(223, 31, 1, '2023-08-05 23:11:34', 6, '2023-08-05 23:11:34', NULL, NULL, 1, 0, NULL, 1, NULL),
(224, 11, 1, '2023-08-05 23:11:36', 6, '2023-08-05 23:11:36', NULL, NULL, 1, 0, NULL, 1, NULL),
(225, 1, 1, '2023-08-05 23:11:38', 6, '2023-08-05 23:11:38', 8, '2023-08-05 23:12:38', 0, 0, 1, 0, 'yyyyyy'),
(226, 1, 6, '2023-08-05 23:12:38', 8, '2023-08-05 23:12:38', 5, '2023-08-06 18:52:03', 0, 0, 1, 0, 'hhhd'),
(227, 47, 1, '2023-08-05 23:21:45', 2, '2023-08-05 23:21:45', 5, '2023-08-06 18:51:41', 0, 0, 1, 0, ''),
(228, 24, 1, '2023-08-05 23:21:48', 2, '2023-08-05 23:21:48', 3, '2023-08-16 17:15:00', 0, 0, 0, 0, ''),
(229, 65, 1, '2023-08-05 23:21:51', 2, '2023-08-05 23:21:51', 3, '2023-08-16 17:15:15', 0, 0, 0, 0, ''),
(230, 91, 1, '2023-08-05 23:21:53', 2, '2023-08-05 23:21:53', 3, '2023-08-16 17:15:20', 0, 0, 0, 0, ''),
(231, 99, 1, '2023-08-05 23:21:55', 2, '2023-08-05 23:21:55', 5, '2023-08-06 18:51:35', 0, 0, 1, 0, ''),
(232, 17, 1, '2023-08-05 23:21:59', 2, '2023-08-05 23:21:59', 3, '2023-08-16 17:14:56', 0, 0, 0, 0, ''),
(233, 207, 1, '2023-08-05 23:24:59', 9, '2023-08-05 23:24:59', NULL, NULL, 1, 0, NULL, 1, 'ุงูุงุฏุฉ'),
(234, 48, 2, '2023-08-06 18:46:24', 5, '2023-08-06 18:46:24', 6, '2023-08-12 21:10:59', 0, 0, 0, 0, ''),
(235, 99, 2, '2023-08-06 18:51:35', 5, '2023-08-06 18:51:35', 6, '2023-08-12 21:11:07', 0, 0, 0, 0, ''),
(236, 47, 2, '2023-08-06 18:51:41', 5, '2023-08-06 18:51:41', 6, '2023-08-12 21:10:55', 0, 0, 0, 0, ''),
(237, 1, 8, '2023-08-06 18:52:03', 5, '2023-08-06 18:52:03', 6, '2023-08-06 19:18:27', 0, 0, 1, 0, ''),
(238, 55, 2, '2023-08-06 18:52:09', 5, '2023-08-06 18:52:09', 6, '2023-08-12 21:11:03', 0, 0, 0, 0, ''),
(239, 1, 5, '2023-08-06 19:18:27', 6, '2023-08-06 19:18:27', 7, '2023-08-06 21:22:34', 0, 0, 1, 0, ''),
(240, 1, 6, '2023-08-06 21:22:34', 7, '2023-08-06 21:22:34', 3, '2023-08-06 21:33:09', 0, 0, 1, 0, ''),
(241, 12, 1, '2023-08-06 21:22:38', 7, '2023-08-06 21:22:38', 3, '2023-08-06 21:33:06', 0, 0, 1, 0, ''),
(242, 12, 7, '2023-08-06 21:33:06', 3, '2023-08-06 21:33:06', 4, '2023-08-13 17:46:26', 0, 0, 0, 0, ''),
(243, 1, 7, '2023-08-06 21:33:09', 3, '2023-08-06 21:33:09', 4, '2023-08-13 17:46:23', 0, 0, 0, 0, ''),
(244, 40, 1, '2023-08-11 15:51:13', 6, '2023-08-11 15:51:13', NULL, NULL, 1, 0, NULL, 1, NULL),
(245, 47, 5, '2023-08-12 21:10:55', 6, '2023-08-12 21:10:55', NULL, NULL, 1, 0, NULL, 1, ''),
(246, 48, 5, '2023-08-12 21:10:59', 6, '2023-08-12 21:10:59', NULL, NULL, 1, 0, NULL, 1, ''),
(247, 55, 5, '2023-08-12 21:11:03', 6, '2023-08-12 21:11:03', NULL, NULL, 1, 0, NULL, 1, ''),
(248, 99, 5, '2023-08-12 21:11:07', 6, '2023-08-12 21:11:07', NULL, NULL, 1, 0, NULL, 1, ''),
(249, 177, 1, '2023-08-12 23:04:38', 10, '2023-08-12 23:04:38', NULL, NULL, 1, 0, NULL, 1, 'ูุนุฑูู'),
(250, 9, 4, '2023-08-13 17:35:27', 5, '2023-08-13 17:35:27', NULL, NULL, 1, 0, NULL, 1, ''),
(251, 1, 3, '2023-08-13 17:46:23', 4, '2023-08-13 17:46:23', NULL, NULL, 1, 0, NULL, 1, ''),
(252, 12, 3, '2023-08-13 17:46:26', 4, '2023-08-13 17:46:26', NULL, NULL, 1, 0, NULL, 1, ''),
(253, 49, 3, '2023-08-13 17:46:28', 4, '2023-08-13 17:46:28', NULL, NULL, 1, 0, NULL, 1, ''),
(254, 66, 3, '2023-08-13 17:46:31', 4, '2023-08-13 17:46:31', NULL, NULL, 1, 0, NULL, 1, ''),
(255, 210, 11, '2023-08-14 16:52:30', 11, '2023-08-14 16:52:30', NULL, NULL, 1, 0, NULL, 1, NULL),
(256, 19, 1, '2023-08-16 17:11:35', 2, '2023-08-16 17:11:35', NULL, NULL, 1, 0, NULL, 1, ''),
(257, 18, 1, '2023-08-16 17:11:48', 2, '2023-08-16 17:11:48', NULL, NULL, 1, 0, NULL, 1, ''),
(258, 20, 1, '2023-08-16 17:12:10', 2, '2023-08-16 17:12:10', NULL, NULL, 1, 0, NULL, 1, ''),
(259, 10, 1, '2023-08-16 17:12:16', 2, '2023-08-16 17:12:16', NULL, NULL, 1, 0, NULL, 1, ''),
(260, 28, 1, '2023-08-16 17:12:34', 2, '2023-08-16 17:12:34', NULL, NULL, 1, 0, NULL, 1, ''),
(261, 27, 1, '2023-08-16 17:12:46', 2, '2023-08-16 17:12:46', NULL, NULL, 1, 0, NULL, 1, ''),
(262, 21, 1, '2023-08-16 17:12:58', 2, '2023-08-16 17:12:58', NULL, NULL, 1, 0, NULL, 1, ''),
(263, 69, 1, '2023-08-16 17:13:35', 2, '2023-08-16 17:13:35', NULL, NULL, 1, 0, NULL, 1, ''),
(264, 64, 1, '2023-08-16 17:13:43', 2, '2023-08-16 17:13:43', NULL, NULL, 1, 0, NULL, 1, ''),
(265, 63, 1, '2023-08-16 17:13:54', 2, '2023-08-16 17:13:54', NULL, NULL, 1, 0, NULL, 1, ''),
(266, 3, 2, '2023-08-16 17:14:35', 3, '2023-08-16 17:14:35', NULL, NULL, 1, 0, NULL, 1, ''),
(267, 2, 2, '2023-08-16 17:14:38', 3, '2023-08-16 17:14:38', NULL, NULL, 1, 0, NULL, 1, ''),
(268, 4, 2, '2023-08-16 17:14:40', 3, '2023-08-16 17:14:40', NULL, NULL, 1, 0, NULL, 1, ''),
(269, 5, 2, '2023-08-16 17:14:42', 3, '2023-08-16 17:14:42', NULL, NULL, 1, 0, NULL, 1, ''),
(270, 7, 2, '2023-08-16 17:14:45', 3, '2023-08-16 17:14:45', NULL, NULL, 1, 0, NULL, 1, ''),
(271, 15, 2, '2023-08-16 17:14:50', 3, '2023-08-16 17:14:50', NULL, NULL, 1, 0, NULL, 1, ''),
(272, 17, 2, '2023-08-16 17:14:56', 3, '2023-08-16 17:14:56', NULL, NULL, 1, 0, NULL, 1, ''),
(273, 24, 2, '2023-08-16 17:15:00', 3, '2023-08-16 17:15:00', NULL, NULL, 1, 0, NULL, 1, ''),
(274, 13, 2, '2023-08-16 17:15:04', 3, '2023-08-16 17:15:04', NULL, NULL, 1, 0, NULL, 1, ''),
(275, 45, 1, '2023-08-16 17:15:07', 3, '2023-08-16 17:15:07', NULL, NULL, 1, 0, NULL, 1, ''),
(276, 54, 1, '2023-08-16 17:15:11', 3, '2023-08-16 17:15:11', NULL, NULL, 1, 0, NULL, 1, ''),
(277, 65, 2, '2023-08-16 17:15:15', 3, '2023-08-16 17:15:15', NULL, NULL, 1, 0, NULL, 1, ''),
(278, 91, 2, '2023-08-16 17:15:20', 3, '2023-08-16 17:15:20', NULL, NULL, 1, 0, NULL, 1, '');

--
-- Indexes for dumped tables
--

--
-- Indexes for table `section`
--
ALTER TABLE `section`
  ADD PRIMARY KEY (`id`);

--
-- Indexes for table `SRC`
--
ALTER TABLE `SRC`
  ADD PRIMARY KEY (`id`);

--
-- Indexes for table `Users`
--
ALTER TABLE `Users`
  ADD PRIMARY KEY (`id`),
  ADD KEY `TABLE_USER` (`Table_Name`);

--
-- Indexes for table `work`
--
ALTER TABLE `work`
  ADD PRIMARY KEY (`_ID`),
  ADD KEY `work_Doc_id_SRC_id` (`Doc_id`),
  ADD KEY `work_send_section_send` (`User_send`),
  ADD KEY `work_rec_section_rec` (`User_rec`),
  ADD KEY `work_rec_section_rec_tmp` (`tmp_rec`);

--
-- AUTO_INCREMENT for dumped tables
--

--
-- AUTO_INCREMENT for table `section`
--
ALTER TABLE `section`
  MODIFY `id` int(11) UNSIGNED NOT NULL AUTO_INCREMENT, AUTO_INCREMENT=12;

--
-- AUTO_INCREMENT for table `SRC`
--
ALTER TABLE `SRC`
  MODIFY `id` int(11) UNSIGNED NOT NULL AUTO_INCREMENT, AUTO_INCREMENT=211;

--
-- AUTO_INCREMENT for table `Users`
--
ALTER TABLE `Users`
  MODIFY `id` int(11) NOT NULL AUTO_INCREMENT, AUTO_INCREMENT=12;

--
-- AUTO_INCREMENT for table `work`
--
ALTER TABLE `work`
  MODIFY `_ID` int(11) NOT NULL AUTO_INCREMENT, AUTO_INCREMENT=279;

--
-- Constraints for dumped tables
--

--
-- Constraints for table `Users`
--
ALTER TABLE `Users`
  ADD CONSTRAINT `TABLE_USER` FOREIGN KEY (`Table_Name`) REFERENCES `section` (`id`);

--
-- Constraints for table `work`
--
ALTER TABLE `work`
  ADD CONSTRAINT `work_Doc_id_SRC_id` FOREIGN KEY (`Doc_id`) REFERENCES `SRC` (`id`),
  ADD CONSTRAINT `work_rec_section_rec` FOREIGN KEY (`User_rec`) REFERENCES `section` (`id`),
  ADD CONSTRAINT `work_rec_section_rec_tmp` FOREIGN KEY (`tmp_rec`) REFERENCES `section` (`id`),
  ADD CONSTRAINT `work_send_section_send` FOREIGN KEY (`User_send`) REFERENCES `section` (`id`);
COMMIT;

/*!40101 SET CHARACTER_SET_CLIENT=@OLD_CHARACTER_SET_CLIENT */;
/*!40101 SET CHARACTER_SET_RESULTS=@OLD_CHARACTER_SET_RESULTS */;
/*!40101 SET COLLATION_CONNECTION=@OLD_COLLATION_CONNECTION */;
